"Data Source","Indicateurs du développement dans le monde",

"Last Updated Date","2018-10-18",

"Country Name","Country Code","Indicator Name","Indicator Code","1960","1961","1962","1963","1964","1965","1966","1967","1968","1969","1970","1971","1972","1973","1974","1975","1976","1977","1978","1979","1980","1981","1982","1983","1984","1985","1986","1987","1988","1989","1990","1991","1992","1993","1994","1995","1996","1997","1998","1999","2000","2001","2002","2003","2004","2005","2006","2007","2008","2009","2010","2011","2012","2013","2014","2015","2016","2017",
"Aruba","ABW","Prix à la pompe de l’essence diesel ($ US par litre)","EP.PMP.DESL.CD","","","","","","","","","","","","","","","","","","","","","","","","","","","","","","","","","","","","","","","","","","","","","","","","","","","","","","","","","","",
"Afghanistan","AFG","Prix à la pompe de l’essence diesel ($ US par litre)","EP.PMP.DESL.CD","","","","","","","","","","","","","","","","","","","","","","","","","","","","","","","","","","","","","","","","","","","0.27","","0.58","","0.65","","0.96","","1","","1.21","","1.19","","0.7","",
"Angola","AGO","Prix à la pompe de l’essence diesel ($ US par litre)","EP.PMP.DESL.CD","","","","","","","","","","","","","","","","","","","","","","","","","","","","","","","","","","","","","","","0.19","","0.15","","0.13","","0.29","","0.36","","0.39","","0.43","","0.42","","0.51","","0.82","",
"Albanie","ALB","Prix à la pompe de l’essence diesel ($ US par litre)","EP.PMP.DESL.CD","","","","","","","","","","","","","","","","","","","","","","","","","","","","","","","","","","","","","","","0.43","","0.3","","0.51","","1.02","","1.29","","1.31","","1.4","","1.79","","1.71","","1.35","",
"Andorre","AND","Prix à la pompe de l’essence diesel ($ US par litre)","EP.PMP.DESL.CD","","","","","","","","","","","","","","","","","","","","","","","","","","","","","","","","","","","","","","","","","","","","","","","","","1.06","","1.32","","1.48","","1.35","","","",
"Le monde arabe","ARB","Prix à la pompe de l’essence diesel ($ US par litre)","EP.PMP.DESL.CD","","","","","","","","","","","","","","","","","","","","","","","","","","","","","","","","","","","","","","","0.165","","0.21","","0.19","","0.24","","0.39","","0.49","","0.44","","0.42","","0.64","","0.565","",
"Émirats arabes unis","ARE","Prix à la pompe de l’essence diesel ($ US par litre)","EP.PMP.DESL.CD","","","","","","","","","","","","","","","","","","","","","","","","","","","","","","","","","","","","","","","0.15","","0.26","","0.3","","0.28","","0.53","","0.62","","0.71","","0.64","","0.64","","0.52","",
"Argentine","ARG","Prix à la pompe de l’essence diesel ($ US par litre)","EP.PMP.DESL.CD","","","","","","","","","","","","","","","","","","","","","","","","","","","","","","","","","0.29","","","0.28","","","0.42","","0.52","","0.46","","0.49","","0.48","","0.58","","1.05","","1.33","","1.33","","1","",
"Arménie","ARM","Prix à la pompe de l’essence diesel ($ US par litre)","EP.PMP.DESL.CD","","","","","","","","","","","","","","","","","","","","","","","","","","","","","","","","","","","","","","","0.25","","0.31","","0.29","","0.56","","0.77","","1.11","","0.99","","1.15","","1.16","","0.67","",
"Samoa américaines","ASM","Prix à la pompe de l’essence diesel ($ US par litre)","EP.PMP.DESL.CD","","","","","","","","","","","","","","","","","","","","","","","","","","","","","","","","","","","","","","","","","","","","","","","","","","","","","","","","","","",
"Antigua-et-Barbuda","ATG","Prix à la pompe de l’essence diesel ($ US par litre)","EP.PMP.DESL.CD","","","","","","","","","","","","","","","","","","","","","","","","","","","","","","","","","","","","","","","","","0.56","","","","0.68","","0.85","","","","0.96","","","","","","","",
"Australie","AUS","Prix à la pompe de l’essence diesel ($ US par litre)","EP.PMP.DESL.CD","","","","","","","","","","","","","","","","","","","","","","","","","","","","","","","","","","","","","","","0.45","","0.57","","0.48","","0.83","","0.94","","0.94","","1.23","","1.57","","1.28","","0.92","",
"Autriche","AUT","Prix à la pompe de l’essence diesel ($ US par litre)","EP.PMP.DESL.CD","","","","","","","","","","","","","","","","","","","","","","","","","","","","","","","","","","","","0.87","","","0.82","","0.74","","0.73","","1.19","","1.26","","1.43","","1.55","","1.81","","1.55","","1.15","",
"Azerbaïdjan","AZE","Prix à la pompe de l’essence diesel ($ US par litre)","EP.PMP.DESL.CD","","","","","","","","","","","","","","","","","","","","","","","","","","","","","","","","","","","","","","","0.22","","0.2","","0.16","","0.18","","0.41","","0.56","","0.56","","0.57","","0.77","","0.35","",
"Burundi","BDI","Prix à la pompe de l’essence diesel ($ US par litre)","EP.PMP.DESL.CD","","","","","","","","","","","","","","","","","","","","","","","","","","","","","","","","0.61","0.54","","","0.48","","","0.66","","0.71","","0.54","","1.08","","1.22","","1.23","","1.42","","1.47","","1.43","","1.14","",
"Belgique","BEL","Prix à la pompe de l’essence diesel ($ US par litre)","EP.PMP.DESL.CD","","","","","","","","","","","","","","","","","","","","","","","","","","","","","","","","","","","","0.82","","","0.85","","0.78","","0.8","","1.07","","1.34","","1.34","","1.62","","1.98","","1.69","","1.32","",
"Bénin","BEN","Prix à la pompe de l’essence diesel ($ US par litre)","EP.PMP.DESL.CD","","","","","","","","","","","","","","","","","","","","","","","","","","","","","","","","0.48","0.47","","","0.28","","","0.31","","0.39","","0.41","","0.72","","0.81","","1.03","","1.21","","1.26","","1.1","","0.72","",
"Burkina Faso","BFA","Prix à la pompe de l’essence diesel ($ US par litre)","EP.PMP.DESL.CD","","","","","","","","","","","","","","","","","","","","","","","","","","","","","","","","0.84","0.85","","","0.62","","","0.5","","0.46","","0.62","","0.94","","1.12","","1.33","","1.28","","1.28","","1.25","","0.86","",
"Bangladesh","BGD","Prix à la pompe de l’essence diesel ($ US par litre)","EP.PMP.DESL.CD","","","","","","","","","","","","","","","","","","","","","","","","","","","","","","","","","","","","0.31","","","0.26","","0.29","","0.29","","0.34","","0.45","","0.7","","0.63","","0.76","","0.9","","0.84","",
"Bulgarie","BGR","Prix à la pompe de l’essence diesel ($ US par litre)","EP.PMP.DESL.CD","","","","","","","","","","","","","","","","","","","","","","","","","","","","","","","","","","","","0.26","","","0.52","","0.58","","0.59","","0.89","","1.08","","1.37","","1.58","","1.68","","1.51","","1.09","",
"Bahreïn","BHR","Prix à la pompe de l’essence diesel ($ US par litre)","EP.PMP.DESL.CD","","","","","","","","","","","","","","","","","","","","","","","","","","","","","","","","","","","","","","","0.18","","0.21","","0.19","","0.19","","0.13","","0.13","","0.13","","0.17","","","","0.32","",
"Bahamas","BHS","Prix à la pompe de l’essence diesel ($ US par litre)","EP.PMP.DESL.CD","","","","","","","","","","","","","","","","","","","","","","","","","","","","","","","","","","","","","","","","","","","","","","","","","","","","","","","","","","",
"Bosnie-Herzégovine","BIH","Prix à la pompe de l’essence diesel ($ US par litre)","EP.PMP.DESL.CD","","","","","","","","","","","","","","","","","","","","","","","","","","","","","","","","","","","","","","","0.6","","0.57","","0.74","","0.97","","1.24","","1.18","","1.42","","1.62","","1.54","","0.99","",
"Bélarus","BLR","Prix à la pompe de l’essence diesel ($ US par litre)","EP.PMP.DESL.CD","","","","","","","","","","","","","","","","","","","","","","","","","","","","","","","","","","","","","","","0.13","","0.36","","0.36","","0.44","","0.55","","1.06","","0.86","","0.9","","1.06","","0.62","",
"Belize","BLZ","Prix à la pompe de l’essence diesel ($ US par litre)","EP.PMP.DESL.CD","","","","","","","","","","","","","","","","","","","","","","","","","","","","","","","","","","","","","","","","","","","","","0.8","","0.91","","0.53","","0.98","","1.21","","","","1","",
"Bermudes","BMU","Prix à la pompe de l’essence diesel ($ US par litre)","EP.PMP.DESL.CD","","","","","","","","","","","","","","","","","","","","","","","","","","","","","","","","","","","","","","","","","","","","","","","","","","","","","","","","","","",
"Bolivie","BOL","Prix à la pompe de l’essence diesel ($ US par litre)","EP.PMP.DESL.CD","","","","","","","","","","","","","","","","","","","","","","","","","","","","","","","","","0.35","","","0.31","","","0.35","","0.5","","0.42","","0.4","","0.47","","0.53","","0.54","","0.54","","0.54","","0.55","",
"Brésil","BRA","Prix à la pompe de l’essence diesel ($ US par litre)","EP.PMP.DESL.CD","","","","","","","","","","","","","","","","","","","","","","","","","","","","","","","","","0.38","","","0.39","","","0.34","","0.34","","0.31","","0.49","","0.84","","1.03","","1.14","","1.02","","1.02","","0.95","",
"Barbade","BRB","Prix à la pompe de l’essence diesel ($ US par litre)","EP.PMP.DESL.CD","","","","","","","","","","","","","","","","","","","","","","","","","","","","","","","","","","","","","","","0.62","","0.75","","0.53","","0.62","","0.79","","1.03","","1.14","","","","1.44","","","",
"Brunéi Darussalam","BRN","Prix à la pompe de l’essence diesel ($ US par litre)","EP.PMP.DESL.CD","","","","","","","","","","","","","","","","","","","","","","","","","","","","","","","","","","","","","","","0.18","","0.18","","0.18","","0.19","","0.21","","0.21","","0.24","","0.26","","","","0.22","",
"Bhoutan","BTN","Prix à la pompe de l’essence diesel ($ US par litre)","EP.PMP.DESL.CD","","","","","","","","","","","","","","","","","","","","","","","","","","","","","","","","","","","","","","","0.26","","0.38","","","","0.59","","","","","","0.82","","0.86","","0.84","","0.82","",
"Botswana","BWA","Prix à la pompe de l’essence diesel ($ US par litre)","EP.PMP.DESL.CD","","","","","","","","","","","","","","","","","","","","","","","","","","","","","","","","0.61","0.37","","","0.35","","","0.29","","0.39","","0.38","","0.61","","0.74","","1.02","","0.97","","1.25","","1.07","","0.67","",
"République centrafricaine","CAF","Prix à la pompe de l’essence diesel ($ US par litre)","EP.PMP.DESL.CD","","","","","","","","","","","","","","","","","","","","","","","","","","","","","","","","0.99","0.98","","","0.64","","","0.65","","","","0.87","","1.14","","1.27","","1.44","","1.69","","1.69","","1.66","","1.4","",
"Canada","CAN","Prix à la pompe de l’essence diesel ($ US par litre)","EP.PMP.DESL.CD","","","","","","","","","","","","","","","","","","","","","","","","","","","","","","","","","0.39","","","0.36","","","0.39","","0.47","","0.43","","0.68","","0.78","","0.9","","1.08","","1.23","","1.16","","0.73","",
"Europe centrale et les pays baltes","CEB","Prix à la pompe de l’essence diesel ($ US par litre)","EP.PMP.DESL.CD","","","","","","","","","","","","","","","","","","","","","","","","","","","","","","","","","","","","0.4","","","0.52","","0.6","","0.67","","1.07","","1.22","","1.37","","1.53","","1.76","","1.59","","1.14","",
"Suisse","CHE","Prix à la pompe de l’essence diesel ($ US par litre)","EP.PMP.DESL.CD","","","","","","","","","","","","","","","","","","","","","","","","","","","","","","","","","","","","1.01","","","0.91","","0.84","","0.93","","1.37","","1.36","","1.52","","1.77","","2.06","","1.79","","1.46","",
"Îles Anglo-Normandes","CHI","Prix à la pompe de l’essence diesel ($ US par litre)","EP.PMP.DESL.CD","","","","","","","","","","","","","","","","","","","","","","","","","","","","","","","","","","","","","","","","","","","","","","","","","","","","","","","","","","",
"Chili","CHL","Prix à la pompe de l’essence diesel ($ US par litre)","EP.PMP.DESL.CD","","","","","","","","","","","","","","","","","","","","","","","","","","","","","","","","","0.31","","","0.33","","","0.29","","0.47","","0.39","","0.64","","0.86","","0.95","","1.02","","1.24","","1.09","","0.65","",
"Chine","CHN","Prix à la pompe de l’essence diesel ($ US par litre)","EP.PMP.DESL.CD","","","","","","","","","","","","","","","","","","","","","","","","","","","","","","","","","","","","0.24","","","0.25","","0.45","","0.37","","0.43","","0.61","","1.01","","1.04","","1.28","","1.09","","0.81","",
"Côte d'Ivoire","CIV","Prix à la pompe de l’essence diesel ($ US par litre)","EP.PMP.DESL.CD","","","","","","","","","","","","","","","","","","","","","","","","","","","","","","","","1.15","0.86","","","0.56","","","0.45","","0.51","","0.6","","0.95","","1.06","","1.2","","1.3","","1.2","","1.17","","0.93","",
"Cameroun","CMR","Prix à la pompe de l’essence diesel ($ US par litre)","EP.PMP.DESL.CD","","","","","","","","","","","","","","","","","","","","","","","","","","","","","","","","0.58","0.58","","","0.5","","","0.48","","0.47","","0.57","","0.83","","1.07","","1.04","","1.1","","1.01","","1.14","","0.94","",
"Congo, République démocratique du","COD","Prix à la pompe de l’essence diesel ($ US par litre)","EP.PMP.DESL.CD","","","","","","","","","","","","","","","","","","","","","","","","","","","","","","","","0.73","0.67","","","0.7","","","0.5","","0.93","","0.69","","0.81","","1","","1.21","","1.27","","1.48","","1.67","","1.2","",
"Congo, République du","COG","Prix à la pompe de l’essence diesel ($ US par litre)","EP.PMP.DESL.CD","","","","","","","","","","","","","","","","","","","","","","","","","","","","","","","","0.71","","","","","","","0.4","","0.3","","0.48","","0.59","","0.67","","0.57","","0.84","","0.92","","0.9","","","",
"Colombie","COL","Prix à la pompe de l’essence diesel ($ US par litre)","EP.PMP.DESL.CD","","","","","","","","","","","","","","","","","","","","","","","","","","","","","","","","","0.19","","","0.27","","","0.2","","0.35","","0.24","","0.36","","0.57","","0.73","","0.95","","1.18","","1.04","","0.64","",
"Comores","COM","Prix à la pompe de l’essence diesel ($ US par litre)","EP.PMP.DESL.CD","","","","","","","","","","","","","","","","","","","","","","","","","","","","","","","","","","","","","","","","","","","","","","","","","","","","","","","","","","",
"Cabo Verde","CPV","Prix à la pompe de l’essence diesel ($ US par litre)","EP.PMP.DESL.CD","","","","","","","","","","","","","","","","","","","","","","","","","","","","","","","","0.4","","","","","","","0.43","","0.39","","","","0.81","","","","1.43","","1.33","","1.58","","1.31","","0.81","",
"Costa Rica","CRI","Prix à la pompe de l’essence diesel ($ US par litre)","EP.PMP.DESL.CD","","","","","","","","","","","","","","","","","","","","","","","","","","","","","","","","","","","","","","","","","","","0.44","","0.56","","0.67","","1.1","","0.97","","1.36","","1.21","","0.79","",
"Petits états des Caraïbes","CSS","Prix à la pompe de l’essence diesel ($ US par litre)","EP.PMP.DESL.CD","","","","","","","","","","","","","","","","","","","","","","","","","","","","","","","","","","","","","","","","","0.41","","","","0.615","","0.85","","","","0.98","","","","","","","",
"Cuba","CUB","Prix à la pompe de l’essence diesel ($ US par litre)","EP.PMP.DESL.CD","","","","","","","","","","","","","","","","","","","","","","","","","","","","","","","","","","","","","","","0.18","","","","0.45","","0.55","","0.91","","1.51","","1.24","","1.3","","1.2","","","",
"Curacao","CUW","Prix à la pompe de l’essence diesel ($ US par litre)","EP.PMP.DESL.CD","","","","","","","","","","","","","","","","","","","","","","","","","","","","","","","","","","","","","","","","","","","","","","","","","","","","","","","","","","",
"Îles Caïmans","CYM","Prix à la pompe de l’essence diesel ($ US par litre)","EP.PMP.DESL.CD","","","","","","","","","","","","","","","","","","","","","","","","","","","","","","","","","","","","","","","","","","","","","","","","","","","","","","","","","","",
"Chypre","CYP","Prix à la pompe de l’essence diesel ($ US par litre)","EP.PMP.DESL.CD","","","","","","","","","","","","","","","","","","","","","","","","","","","","","","","","","","","","","","","0.25","","0.18","","0.44","","0.95","","1.2","","1.25","","1.47","","1.78","","1.65","","1.23","",
"République tchèque","CZE","Prix à la pompe de l’essence diesel ($ US par litre)","EP.PMP.DESL.CD","","","","","","","","","","","","","","","","","","","","","","","","","","","","","","","","","","","","0.6","","","0.6","","0.68","","0.71","","1.07","","1.29","","1.45","","1.69","","1.87","","1.6","","1.11","",
"Allemagne","DEU","Prix à la pompe de l’essence diesel ($ US par litre)","EP.PMP.DESL.CD","","","","","","","","","","","","","","","","","","","","","","","","","","","","","","","","","","","","0.77","","","0.69","","0.78","","0.82","","1.29","","1.38","","1.56","","1.68","","1.88","","1.58","","1.2","",
"Djibouti","DJI","Prix à la pompe de l’essence diesel ($ US par litre)","EP.PMP.DESL.CD","","","","","","","","","","","","","","","","","","","","","","","","","","","","","","","","","","","","","","","","","","","","","","","","","","","1.07","","1.18","","1.21","","0.98","",
"Dominique","DMA","Prix à la pompe de l’essence diesel ($ US par litre)","EP.PMP.DESL.CD","","","","","","","","","","","","","","","","","","","","","","","","","","","","","","","","","","","","","","","","","","","","","","","","","","","","","","","","","","",
"Danemark","DNK","Prix à la pompe de l’essence diesel ($ US par litre)","EP.PMP.DESL.CD","","","","","","","","","","","","","","","","","","","","","","","","","","","","","","","","","","","","0.87","","","0.85","","0.9","","0.94","","1.35","","1.45","","1.54","","1.79","","1.89","","1.8","","1.35","",
"République dominicaine","DOM","Prix à la pompe de l’essence diesel ($ US par litre)","EP.PMP.DESL.CD","","","","","","","","","","","","","","","","","","","","","","","","","","","","","","","","","","","","0.28","","","0.22","","0.39","","0.27","","0.61","","0.75","","0.94","","1.03","","1.35","","1.21","","0.91","",
"Algérie","DZA","Prix à la pompe de l’essence diesel ($ US par litre)","EP.PMP.DESL.CD","","","","","","","","","","","","","","","","","","","","","","","","","","","","","","","","0.04","0.09","","","0.23","","","0.16","","0.15","","0.1","","0.15","","0.19","","0.2","","0.19","","0.17","","0.16","","0.17","",
"Asie de l’Est et Pacifique (hors revenu élevé)","EAP","Prix à la pompe de l’essence diesel ($ US par litre)","EP.PMP.DESL.CD","","","","","","","","","","","","","","","","","","","","","","","","","","","","","","","","","","","","","","","0.25","","0.33","","","","0.455","","0.73","","0.85","","0.95","","1.2","","1.02","","0.68","",
"de dividende précoce démographique","EAR","Prix à la pompe de l’essence diesel ($ US par litre)","EP.PMP.DESL.CD","","","","","","","","","","","","","","","","","","","","","","","","","","","","","","","","","","","","","","","0.26","","0.38","","0.32","","0.505","","0.67","","0.81","","0.9","","1.07","","1.025","","0.745","",
"Asie de l’Est et Pacifique","EAS","Prix à la pompe de l’essence diesel ($ US par litre)","EP.PMP.DESL.CD","","","","","","","","","","","","","","","","","","","","","","","","","","","","","","","","","","","","","","","0.28","","0.35","","0.37","","0.55","","0.74","","0.9","","0.99","","1.25","","1.1","","0.77","",
"Europe et Asie centrale (hors revenu élevé)","ECA","Prix à la pompe de l’essence diesel ($ US par litre)","EP.PMP.DESL.CD","","","","","","","","","","","","","","","","","","","","","","","","","","","","","","","","","","","","","","","0.26","","0.35","","0.385","","0.63","","0.88","","1.11","","1.08","","1.4","","1.24","","0.74","",
"Europe et Asie centrale","ECS","Prix à la pompe de l’essence diesel ($ US par litre)","EP.PMP.DESL.CD","","","","","","","","","","","","","","","","","","","","","","","","","","","","","","","","","","","","0.69","","","0.47","","0.59","","0.67","","1.06","","1.24","","1.31","","1.515","","1.775","","1.595","","1.15","",
"Équateur","ECU","Prix à la pompe de l’essence diesel ($ US par litre)","EP.PMP.DESL.CD","","","","","","","","","","","","","","","","","","","","","","","","","","","","","","","","","0.19","","","0.28","","","0.24","","0.18","","0.27","","0.27","","0.39","","0.27","","0.28","","0.29","","0.29","","0.29","",
"Égypte, République arabe d’","EGY","Prix à la pompe de l’essence diesel ($ US par litre)","EP.PMP.DESL.CD","","","","","","","","","","","","","","","","","","","","","","","","","","","","","","","","0.07","0.09","","","0.12","","","0.12","","0.1","","0.08","","0.1","","0.12","","0.2","","0.19","","0.18","","0.25","","0.15","",
"Zone euro","EMU","Prix à la pompe de l’essence diesel ($ US par litre)","EP.PMP.DESL.CD","","","","","","","","","","","","","","","","","","","","","","","","","","","","","","","","","","","","0.735","","","0.69","","0.68","","0.71","","1.11","","1.26","","1.41","","1.6","","1.81","","1.63","","1.21","",
"Érythrée","ERI","Prix à la pompe de l’essence diesel ($ US par litre)","EP.PMP.DESL.CD","","","","","","","","","","","","","","","","","","","","","","","","","","","","","","","","","0.29","","","0.19","","","0.23","","0.33","","0.25","","0.4","","0.81","","1.07","","1.07","","1.71","","3","","1.33","",
"Espagne","ESP","Prix à la pompe de l’essence diesel ($ US par litre)","EP.PMP.DESL.CD","","","","","","","","","","","","","","","","","","","","","","","","","","","","","","","","","","","","0.7","","","0.7","","0.65","","0.72","","1.1","","1.1","","1.28","","1.47","","1.75","","1.55","","1.13","",
"Estonie","EST","Prix à la pompe de l’essence diesel ($ US par litre)","EP.PMP.DESL.CD","","","","","","","","","","","","","","","","","","","","","","","","","","","","","","","","","","","","0.33","","","0.36","","0.55","","0.56","","0.94","","1.22","","1.3","","1.57","","1.76","","1.51","","1.14","",
"Éthiopie","ETH","Prix à la pompe de l’essence diesel ($ US par litre)","EP.PMP.DESL.CD","","","","","","","","","","","","","","","","","","","","","","","","","","","","","","","","0.14","0.19","","","0.24","","","0.25","","0.27","","0.32","","0.42","","0.62","","0.89","","0.78","","0.94","","0.89","","0.64","",
"Union européenne","EUU","Prix à la pompe de l’essence diesel ($ US par litre)","EP.PMP.DESL.CD","","","","","","","","","","","","","","","","","","","","","","","","","","","","","","","","","","","","0.68","","","0.64","","0.68","","0.715","","1.12","","1.26","","1.405","","1.605","","1.83","","1.635","","1.2","",
"Fragile et les situations de conflit touchées","FCS","Prix à la pompe de l’essence diesel ($ US par litre)","EP.PMP.DESL.CD","","","","","","","","","","","","","","","","","","","","","","","","","","","","","","","","","","","","","","","0.365","","0.4","","0.4","","0.675","","0.93","","1.05","","1.07","","1.22","","1.21","","0.84","",
"Finlande","FIN","Prix à la pompe de l’essence diesel ($ US par litre)","EP.PMP.DESL.CD","","","","","","","","","","","","","","","","","","","","","","","","","","","","","","","","","","","","0.85","","","0.79","","0.84","","0.8","","1.21","","1.26","","1.39","","1.6","","1.95","","1.78","","1.34","",
"Fidji","FJI","Prix à la pompe de l’essence diesel ($ US par litre)","EP.PMP.DESL.CD","","","","","","","","","","","","","","","","","","","","","","","","","","","","","","","","","","","","","","","0.37","","","","","","0.73","","0.94","","1.04","","","","1.29","","1.18","","0.67","",
"France","FRA","Prix à la pompe de l’essence diesel ($ US par litre)","EP.PMP.DESL.CD","","","","","","","","","","","","","","","","","","","","","","","","","","","","","","","","","","","","0.78","","","0.77","","0.82","","0.8","","1.25","","1.33","","1.45","","1.72","","1.78","","1.63","","1.2","",
"Îles Féroé","FRO","Prix à la pompe de l’essence diesel ($ US par litre)","EP.PMP.DESL.CD","","","","","","","","","","","","","","","","","","","","","","","","","","","","","","","","","","","","","","","","","","","","","","","","","","","","","","","","","","",
"Micronésie, États fédérés de","FSM","Prix à la pompe de l’essence diesel ($ US par litre)","EP.PMP.DESL.CD","","","","","","","","","","","","","","","","","","","","","","","","","","","","","","","","","","","","","","","","","","","","","","","","","","","","","","","","","","",
"Gabon","GAB","Prix à la pompe de l’essence diesel ($ US par litre)","EP.PMP.DESL.CD","","","","","","","","","","","","","","","","","","","","","","","","","","","","","","","","0.83","0.7","","","","","","0.39","","0.37","","0.53","","0.69","","0.39","","0.9","","","","0.91","","0.9","","0.79","",
"Royaume-Uni","GBR","Prix à la pompe de l’essence diesel ($ US par litre)","EP.PMP.DESL.CD","","","","","","","","","","","","","","","","","","","","","","","","","","","","","","","","","","","","0.85","","","1.11","","1.22","","1.2","","1.6","","1.73","","1.65","","1.98","","2.27","","1.99","","1.49","",
"Géorgie","GEO","Prix à la pompe de l’essence diesel ($ US par litre)","EP.PMP.DESL.CD","","","","","","","","","","","","","","","","","","","","","","","","","","","","","","","","","","","","","","","0.25","","","","0.41","","0.67","","0.89","","1.16","","1.13","","1.37","","1.24","","0.74","",
"Ghana","GHA","Prix à la pompe de l’essence diesel ($ US par litre)","EP.PMP.DESL.CD","","","","","","","","","","","","","","","","","","","","","","","","","","","","","","","","0.43","0.45","","","0.33","","","0.3","","0.19","","0.23","","0.43","","0.84","","0.9","","0.83","","0.95","","1.03","","0.85","",
"Gibraltar","GIB","Prix à la pompe de l’essence diesel ($ US par litre)","EP.PMP.DESL.CD","","","","","","","","","","","","","","","","","","","","","","","","","","","","","","","","","","","","","","","","","","","","","","","","","","","","","","","","","","",
"Guinée","GIN","Prix à la pompe de l’essence diesel ($ US par litre)","EP.PMP.DESL.CD","","","","","","","","","","","","","","","","","","","","","","","","","","","","","","","","0.61","0.56","","","","","","0.56","","0.69","","0.56","","0.69","","0.82","","1.02","","0.95","","1.34","","1.45","","0.9","",
"Gambie","GMB","Prix à la pompe de l’essence diesel ($ US par litre)","EP.PMP.DESL.CD","","","","","","","","","","","","","","","","","","","","","","","","","","","","","","","","0.52","0.48","","","","","","0.63","","0.47","","0.4","","0.73","","1.01","","0.75","","","","","","1.29","","1.06","",
"Guinée-Bissau","GNB","Prix à la pompe de l’essence diesel ($ US par litre)","EP.PMP.DESL.CD","","","","","","","","","","","","","","","","","","","","","","","","","","","","","","","","","","","","","","","","","","","","","","","","","","","","","","","","","","",
"Guinée équatoriale","GNQ","Prix à la pompe de l’essence diesel ($ US par litre)","EP.PMP.DESL.CD","","","","","","","","","","","","","","","","","","","","","","","","","","","","","","","","","","","","","","","","","","","","","","","","","","","","","","","","","","",
"Grèce","GRC","Prix à la pompe de l’essence diesel ($ US par litre)","EP.PMP.DESL.CD","","","","","","","","","","","","","","","","","","","","","","","","","","","","","","","","","","","","0.59","","","0.4","","0.71","","0.68","","1.23","","1.19","","1.41","","1.78","","2.08","","1.63","","1.22","",
"Grenade","GRD","Prix à la pompe de l’essence diesel ($ US par litre)","EP.PMP.DESL.CD","","","","","","","","","","","","","","","","","","","","","","","","","","","","","","","","","","","","","","","0.41","","0.41","","0.41","","0.68","","0.89","","1.34","","1.02","","1.07","","","","1.04","",
"Groenland","GRL","Prix à la pompe de l’essence diesel ($ US par litre)","EP.PMP.DESL.CD","","","","","","","","","","","","","","","","","","","","","","","","","","","","","","","","","","","","","","","","","","","","","","","","","","","","","","","","","","",
"Guatemala","GTM","Prix à la pompe de l’essence diesel ($ US par litre)","EP.PMP.DESL.CD","","","","","","","","","","","","","","","","","","","","","","","","","","","","","","","","","0.25","","","0.28","","","0.32","","0.42","","0.32","","0.63","","0.64","","0.82","","0.85","","1.04","","0.9","","0.65","",
"Guam","GUM","Prix à la pompe de l’essence diesel ($ US par litre)","EP.PMP.DESL.CD","","","","","","","","","","","","","","","","","","","","","","","","","","","","","","","","","","","","","","","","","","","","","","","","","","","","","","","","","","",
"Guyane","GUY","Prix à la pompe de l’essence diesel ($ US par litre)","EP.PMP.DESL.CD","","","","","","","","","","","","","","","","","","","","","","","","","","","","","","","","","","","","","","","0.27","","0.37","","0.27","","0.61","","","","0.85","","0.85","","1.05","","1.11","","0.78","",
"Revenu élevé","HIC","Prix à la pompe de l’essence diesel ($ US par litre)","EP.PMP.DESL.CD","","","","","","","","","","","","","","","","","","","","","","","","","","","","","","","","","","","","","","","0.45","","0.64","","0.65","","0.96","","1.19","","1.32","","1.49","","1.76","","1.57","","1.135","",
"Chine, RAS de Hong Kong","HKG","Prix à la pompe de l’essence diesel ($ US par litre)","EP.PMP.DESL.CD","","","","","","","","","","","","","","","","","","","","","","","","","","","","","","","","0.57","","","","0.74","","","0.85","","0.8","","0.77","","1","","1.06","","1.16","","1.32","","1.57","","1.56","","1.42","",
"Honduras","HND","Prix à la pompe de l’essence diesel ($ US par litre)","EP.PMP.DESL.CD","","","","","","","","","","","","","","","","","","","","","","","","","","","","","","","","","0.26","","","0.25","","","0.3","","0.46","","0.46","","0.66","","0.73","","0.8","","0.92","","1.15","","1.03","","0.8","",
"Pays pauvres très endettés (PPTE)","HPC","Prix à la pompe de l’essence diesel ($ US par litre)","EP.PMP.DESL.CD","","","","","","","","","","","","","","","","","","","","","","","","","","","","","","","","0.58","0.57","","","0.48","","","0.45","","0.47","","0.5","","0.8","","1","","1.05","","1.11","","1.22","","1.17","","0.88","",
"Croatie","HRV","Prix à la pompe de l’essence diesel ($ US par litre)","EP.PMP.DESL.CD","","","","","","","","","","","","","","","","","","","","","","","","","","","","","","","","","","","","0.64","","","0.61","","0.6","","0.74","","1.13","","1.22","","1.37","","1.49","","1.7","","1.59","","1.17","",
"Haïti","HTI","Prix à la pompe de l’essence diesel ($ US par litre)","EP.PMP.DESL.CD","","","","","","","","","","","","","","","","","","","","","","","","","","","","","","","","","","","","","","","0.36","","0.35","","0.3","","0.6","","","","0.89","","","","1.03","","0.94","","0.62","",
"Hongrie","HUN","Prix à la pompe de l’essence diesel ($ US par litre)","EP.PMP.DESL.CD","","","","","","","","","","","","","","","","","","","","","","","","","","","","","","","","","","","","0.65","","","0.64","","0.79","","0.85","","1.22","","1.31","","1.38","","1.61","","1.91","","1.65","","1.2","",
"BIRD seulement","IBD","Prix à la pompe de l’essence diesel ($ US par litre)","EP.PMP.DESL.CD","","","","","","","","","","","","","","","","","","","","","","","","","","","","","","","","","","","","0.28","","","0.28","","0.365","","0.34","","0.505","","0.705","","0.84","","0.955","","1.17","","1.06","","0.71","",
"BIRD et IDA","IBT","Prix à la pompe de l’essence diesel ($ US par litre)","EP.PMP.DESL.CD","","","","","","","","","","","","","","","","","","","","","","","","","","","","","","","","","","","","","","","0.305","","0.39","","0.38","","0.61","","0.805","","0.95","","0.98","","1.205","","1.1","","0.8","",
"IDA totale","IDA","Prix à la pompe de l’essence diesel ($ US par litre)","EP.PMP.DESL.CD","","","","","","","","","","","","","","","","","","","","","","","","","","","","","","","","","","","","","","","0.36","","0.42","","0.41","","0.68","","0.875","","1.035","","1.03","","1.22","","1.135","","0.83","",
"IDA mélange","IDB","Prix à la pompe de l’essence diesel ($ US par litre)","EP.PMP.DESL.CD","","","","","","","","","","","","","","","","","","","","","","","","","","","","","","","","","","","","","","","0.28","","0.38","","0.37","","0.65","","0.87","","1.05","","1.03","","1.21","","1.135","","0.81","",
"Indonésie","IDN","Prix à la pompe de l’essence diesel ($ US par litre)","EP.PMP.DESL.CD","","","","","","","","","","","","","","","","","","","","","","","","","","","","","","","","0.13","","","","0.2","","","0.07","","0.06","","0.19","","0.18","","0.44","","0.42","","0.51","","0.47","","0.62","","0.61","",
"IDA seulement","IDX","Prix à la pompe de l’essence diesel ($ US par litre)","EP.PMP.DESL.CD","","","","","","","","","","","","","","","","","","","","","","","","","","","","","","","","","","","","","","","0.365","","0.45","","0.435","","0.72","","0.88","","1.02","","1.03","","1.22","","1.14","","0.845","",
"Île de Man","IMN","Prix à la pompe de l’essence diesel ($ US par litre)","EP.PMP.DESL.CD","","","","","","","","","","","","","","","","","","","","","","","","","","","","","","","","","","","","","","","","","","","","","","","","","","","","","","","","","","",
"Inde","IND","Prix à la pompe de l’essence diesel ($ US par litre)","EP.PMP.DESL.CD","","","","","","","","","","","","","","","","","","","","","","","","","","","","","","","","0.23","","","","0.19","","","0.21","","0.39","","0.41","","0.62","","0.75","","0.7","","0.82","","0.86","","0.91","","0.81","",
"Non classifié","INX","Prix à la pompe de l’essence diesel ($ US par litre)","EP.PMP.DESL.CD","","","","","","","","","","","","","","","","","","","","","","","","","","","","","","","","","","","","","","","","","","","","","","","","","","","","","","","","","","",
"Irlande","IRL","Prix à la pompe de l’essence diesel ($ US par litre)","EP.PMP.DESL.CD","","","","","","","","","","","","","","","","","","","","","","","","","","","","","","","","","","","","0.87","","","1.02","","0.72","","0.8","","1.29","","1.35","","1.64","","1.69","","1.98","","1.84","","1.29","",
"Iran, République islamique d’","IRN","Prix à la pompe de l’essence diesel ($ US par litre)","EP.PMP.DESL.CD","","","","","","","","","","","","","","","","","","","","","","","","","","","","","","","","","","","","","","","0.01","","0.02","","0.02","","0.02","","0.03","","0.03","","0.016","","0.124","","0.187","","0.216","",
"Iraq","IRQ","Prix à la pompe de l’essence diesel ($ US par litre)","EP.PMP.DESL.CD","","","","","","","","","","","","","","","","","","","","","","","","","","","","","","","","","","","","","","","","","","","","","","","","","","","0.56","","","","","","0.7","",
"Islande","ISL","Prix à la pompe de l’essence diesel ($ US par litre)","EP.PMP.DESL.CD","","","","","","","","","","","","","","","","","","","","","","","","","","","","","","","","","","","","","","","0.4","","0.45","","0.62","","0.88","","1.78","","1.31","","1.71","","2.06","","1.86","","1.63","",
"Israël","ISR","Prix à la pompe de l’essence diesel ($ US par litre)","EP.PMP.DESL.CD","","","","","","","","","","","","","","","","","","","","","","","","","","","","","","","","","","","","0.31","","","0.31","","0.64","","0.62","","0.8","","1.27","","1.7","","1.87","","2.12","","2.08","","","",
"Italie","ITA","Prix à la pompe de l’essence diesel ($ US par litre)","EP.PMP.DESL.CD","","","","","","","","","","","","","","","","","","","","","","","","","","","","","","","","","","","","0.86","","","0.93","","0.83","","0.86","","1.31","","1.49","","1.63","","1.69","","2.18","","2.01","","1.44","",
"Jamaïque","JAM","Prix à la pompe de l’essence diesel ($ US par litre)","EP.PMP.DESL.CD","","","","","","","","","","","","","","","","","","","","","","","","","","","","","","","","","","","","","","","0.33","","0.49","","0.44","","0.57","","0.75","","0.84","","0.98","","1.19","","1.06","","","",
"Jordanie","JOR","Prix à la pompe de l’essence diesel ($ US par litre)","EP.PMP.DESL.CD","","","","","","","","","","","","","","","","","","","","","","","","","","","","","","","","","","","","0.15","","","0.15","","0.15","","0.17","","0.19","","0.45","","0.61","","0.73","","0.97","","0.82","","0.64","",
"Japon","JPN","Prix à la pompe de l’essence diesel ($ US par litre)","EP.PMP.DESL.CD","","","","","","","","","","","","","","","","","","","","","","","","","","","","","","","","","","","","0.75","","","0.69","","0.76","","0.66","","0.95","","0.9","","1.3","","1.37","","1.61","","1.1","","0.88","",
"Kazakhstan","KAZ","Prix à la pompe de l’essence diesel ($ US par litre)","EP.PMP.DESL.CD","","","","","","","","","","","","","","","","","","","","","","","","","","","","","","","","","","","","","","","0.24","","0.29","","0.29","","0.38","","0.45","","0.72","","0.51","","0.67","","0.64","","0.4","",
"Kenya","KEN","Prix à la pompe de l’essence diesel ($ US par litre)","EP.PMP.DESL.CD","","","","","","","","","","","","","","","","","","","","","","","","","","","","","","","","0.37","0.33","","","0.43","","","0.54","","0.6","","0.56","","0.76","","0.98","","1.14","","1.27","","1.26","","1.07","","0.82","",
"République kirghize","KGZ","Prix à la pompe de l’essence diesel ($ US par litre)","EP.PMP.DESL.CD","","","","","","","","","","","","","","","","","","","","","","","","","","","","","","","","","","","","","","","0.27","","0.33","","0.25","","0.43","","0.54","","0.88","","0.79","","","","0.76","","0.49","",
"Cambodge","KHM","Prix à la pompe de l’essence diesel ($ US par litre)","EP.PMP.DESL.CD","","","","","","","","","","","","","","","","","","","","","","","","","","","","","","","","","","","","","","","0.28","","0.44","","0.44","","0.61","","0.78","","0.89","","0.98","","1.27","","1.24","","0.8","",
"Kiribati","KIR","Prix à la pompe de l’essence diesel ($ US par litre)","EP.PMP.DESL.CD","","","","","","","","","","","","","","","","","","","","","","","","","","","","","","","","","","","","","","","","","","","","","","","","","","","","","","","","","","",
"Saint-Kitts-et-Nevis","KNA","Prix à la pompe de l’essence diesel ($ US par litre)","EP.PMP.DESL.CD","","","","","","","","","","","","","","","","","","","","","","","","","","","","","","","","","","","","","","","","","","","","","","","","","","","","","","","","","","",
"Corée, République de","KOR","Prix à la pompe de l’essence diesel ($ US par litre)","EP.PMP.DESL.CD","","","","","","","","","","","","","","","","","","","","","","","","","","","","","","","","0.25","","","","0.33","","","0.41","","0.66","","0.64","","0.95","","1.33","","1.4","","1.35","","1.63","","1.37","","1.05","",
"Koweït","KWT","Prix à la pompe de l’essence diesel ($ US par litre)","EP.PMP.DESL.CD","","","","","","","","","","","","","","","","","","","","","","","","","","","","","","","","","","","","","","","0.13","","0.18","","0.18","","0.24","","0.21","","0.2","","0.21","","0.2","","0.19","","0.31","",
"Amérique latine et Caraïbes (hors revenu élevé)","LAC","Prix à la pompe de l’essence diesel ($ US par litre)","EP.PMP.DESL.CD","","","","","","","","","","","","","","","","","","","","","","","","","","","","","","","","","","","","0.28","","","0.3","","0.405","","0.375","","0.57","","0.75","","0.83","","0.975","","1.17","","1.04","","0.75","",
"République démocratique populaire lao","LAO","Prix à la pompe de l’essence diesel ($ US par litre)","EP.PMP.DESL.CD","","","","","","","","","","","","","","","","","","","","","","","","","","","","","","","","","","","","","","","0.24","","0.32","","0.3","","0.48","","0.73","","0.76","","0.97","","1.18","","1.08","","0.8","",
"Liban","LBN","Prix à la pompe de l’essence diesel ($ US par litre)","EP.PMP.DESL.CD","","","","","","","","","","","","","","","","","","","","","","","","","","","","","","","","","","","","","","","0.22","","0.31","","0.25","","0.43","","0.62","","0.76","","0.77","","0.94","","0.73","","0.47","",
"Libéria","LBR","Prix à la pompe de l’essence diesel ($ US par litre)","EP.PMP.DESL.CD","","","","","","","","","","","","","","","","","","","","","","","","","","","","","","","","","","","","","","","","","","","","","0.77","","0.85","","1.03","","0.96","","1.22","","0.94","","0.83","",
"Libye","LBY","Prix à la pompe de l’essence diesel ($ US par litre)","EP.PMP.DESL.CD","","","","","","","","","","","","","","","","","","","","","","","","","","","","","","","","","","","","","","","0.17","","0.16","","0.08","","0.08","","0.06","","0.12","","0.13","","0.1","","","","0.11","",
"Sainte-Lucie","LCA","Prix à la pompe de l’essence diesel ($ US par litre)","EP.PMP.DESL.CD","","","","","","","","","","","","","","","","","","","","","","","","","","","","","","","","","","","","","","","","","","","","","","","","","","","","","","","","","","",
"Amérique latine et Caraïbes","LCN","Prix à la pompe de l’essence diesel ($ US par litre)","EP.PMP.DESL.CD","","","","","","","","","","","","","","","","","","","","","","","","","","","","","","","","","","","","","","","0.3","","0.41","","0.375","","0.575","","0.75","","0.84","","0.98","","1.18","","1.05","","0.745","",
"Pays les moins avancés : classement de l’ONU","LDC","Prix à la pompe de l’essence diesel ($ US par litre)","EP.PMP.DESL.CD","","","","","","","","","","","","","","","","","","","","","","","","","","","","","","","","0.555","0.59","","","","","","0.395","","0.44","","0.45","","0.75","","0.98","","1.045","","1.07","","1.25","","1.2","","0.84","",
"Faible revenu","LIC","Prix à la pompe de l’essence diesel ($ US par litre)","EP.PMP.DESL.CD","","","","","","","","","","","","","","","","","","","","","","","","","","","","","","","","0.585","0.58","","","0.48","","","0.465","","0.475","","0.48","","0.79","","1","","1.06","","1.155","","1.26","","1.2","","0.86","",
"Liechtenstein","LIE","Prix à la pompe de l’essence diesel ($ US par litre)","EP.PMP.DESL.CD","","","","","","","","","","","","","","","","","","","","","","","","","","","","","","","","","","","","","","","0.89","","0.84","","0.93","","1.37","","1.36","","1.52","","1.77","","2.06","","1.79","","","",
"Sri Lanka","LKA","Prix à la pompe de l’essence diesel ($ US par litre)","EP.PMP.DESL.CD","","","","","","","","","","","","","","","","","","","","","","","","","","","","","","","","0.27","","","","0.23","","","0.3","","0.27","","0.31","","0.41","","0.55","","0.75","","0.66","","0.93","","0.9","","0.65","",
"Revenu intermédiaire, tranche inférieure","LMC","Prix à la pompe de l’essence diesel ($ US par litre)","EP.PMP.DESL.CD","","","","","","","","","","","","","","","","","","","","","","","","","","","","","","","","","","","","","","","0.28","","0.34","","0.345","","0.59","","0.75","","0.86","","0.9","","1.17","","1.035","","0.8","",
"Revenu faible et intermédiaire","LMY","Prix à la pompe de l’essence diesel ($ US par litre)","EP.PMP.DESL.CD","","","","","","","","","","","","","","","","","","","","","","","","","","","","","","","","","","","","","","","0.305","","0.39","","0.39","","0.61","","0.8","","0.95","","0.98","","1.2","","1.1","","0.795","",
"Lesotho","LSO","Prix à la pompe de l’essence diesel ($ US par litre)","EP.PMP.DESL.CD","","","","","","","","","","","","","","","","","","","","","","","","","","","","","","","","","","","","","","","0.38","","0.47","","","","0.68","","0.88","","0.93","","1.07","","1.31","","1.07","","0.73","",
"de dividende tardif démographique","LTE","Prix à la pompe de l’essence diesel ($ US par litre)","EP.PMP.DESL.CD","","","","","","","","","","","","","","","","","","","","","","","","","","","","","","","","","","","","","","","0.27","","0.35","","0.345","","0.565","","0.78","","1.02","","1.005","","1.23","","1.11","","0.69","",
"Lituanie","LTU","Prix à la pompe de l’essence diesel ($ US par litre)","EP.PMP.DESL.CD","","","","","","","","","","","","","","","","","","","","","","","","","","","","","","","","","","","","0.3","","","0.34","","0.55","","0.59","","1.02","","1.09","","1.22","","1.42","","1.7","","1.5","","1.05","",
"Luxembourg","LUX","Prix à la pompe de l’essence diesel ($ US par litre)","EP.PMP.DESL.CD","","","","","","","","","","","","","","","","","","","","","","","","","","","","","","","","","","","","0.68","","","0.61","","0.67","","0.65","","0.98","","1.14","","1.33","","1.36","","1.64","","1.39","","1.03","",
"Lettonie","LVA","Prix à la pompe de l’essence diesel ($ US par litre)","EP.PMP.DESL.CD","","","","","","","","","","","","","","","","","","","","","","","","","","","","","","","","","","","","0.34","","","0.35","","0.58","","0.65","","0.9","","1.15","","1.23","","1.49","","1.77","","1.49","","1.07","",
"Région administrative spéciale de Macao, Chine","MAC","Prix à la pompe de l’essence diesel ($ US par litre)","EP.PMP.DESL.CD","","","","","","","","","","","","","","","","","","","","","","","","","","","","","","","","","","","","","","","","","","","","","","","","","","","","","","","","","","",
"Saint-Martin (fr)","MAF","Prix à la pompe de l’essence diesel ($ US par litre)","EP.PMP.DESL.CD","","","","","","","","","","","","","","","","","","","","","","","","","","","","","","","","","","","","","","","","","","","","","","","","","","","","","","","","","","",
"Maroc","MAR","Prix à la pompe de l’essence diesel ($ US par litre)","EP.PMP.DESL.CD","","","","","","","","","","","","","","","","","","","","","","","","","","","","","","","","0.45","0.41","","","0.47","","","0.47","","0.53","","0.55","","0.7","","0.87","","0.83","","0.88","","0.96","","1.11","","0.86","",
"Monaco","MCO","Prix à la pompe de l’essence diesel ($ US par litre)","EP.PMP.DESL.CD","","","","","","","","","","","","","","","","","","","","","","","","","","","","","","","","","","","","","","","","","","","","","","","","","1.55","","1.69","","2.04","","1.78","","","",
"Moldova","MDA","Prix à la pompe de l’essence diesel ($ US par litre)","EP.PMP.DESL.CD","","","","","","","","","","","","","","","","","","","","","","","","","","","","","","","","","","","","","","","","","","","","","","","","","1.04","","1.08","","1.4","","1.16","","0.69","",
"Madagascar","MDG","Prix à la pompe de l’essence diesel ($ US par litre)","EP.PMP.DESL.CD","","","","","","","","","","","","","","","","","","","","","","","","","","","","","","","","0.25","0.31","","","0.32","","","0.33","","0.45","","0.65","","0.79","","1","","1.43","","1.26","","1.22","","1.09","","0.93","",
"Maldives","MDV","Prix à la pompe de l’essence diesel ($ US par litre)","EP.PMP.DESL.CD","","","","","","","","","","","","","","","","","","","","","","","","","","","","","","","","","","","","","","","","","","","","","","","","","","","0.83","","1.09","","0.98","","","",
"Afrique du Nord et Moyen-Orient","MEA","Prix à la pompe de l’essence diesel ($ US par litre)","EP.PMP.DESL.CD","","","","","","","","","","","","","","","","","","","","","","","","","","","","","","","","","","","","","","","0.16","","0.195","","0.185","","0.19","","0.28","","0.455","","0.45","","0.425","","0.66","","0.49","",
"Mexique","MEX","Prix à la pompe de l’essence diesel ($ US par litre)","EP.PMP.DESL.CD","","","","","","","","","","","","","","","","","","","","","","","","","","","","","","","","","0.28","","","0.25","","","0.28","","0.45","","0.47","","0.45","","0.52","","0.54","","0.72","","0.85","","1.02","","0.72","",
"Îles Marshall","MHL","Prix à la pompe de l’essence diesel ($ US par litre)","EP.PMP.DESL.CD","","","","","","","","","","","","","","","","","","","","","","","","","","","","","","","","","","","","","","","","","","","","","","","","","","","","","","","1.47","","","",
"Revenu intermédiaire","MIC","Prix à la pompe de l’essence diesel ($ US par litre)","EP.PMP.DESL.CD","","","","","","","","","","","","","","","","","","","","","","","","","","","","","","","","","","","","","","","0.28","","0.355","","0.35","","0.57","","0.75","","0.885","","0.95","","1.175","","1.07","","0.77","",
"Macédoine, ex-République yougoslave de","MKD","Prix à la pompe de l’essence diesel ($ US par litre)","EP.PMP.DESL.CD","","","","","","","","","","","","","","","","","","","","","","","","","","","","","","","","","","","","0.59","","","0.46","","0.56","","0.63","","0.92","","1.09","","1.12","","1.27","","1.55","","1.27","","0.88","",
"Mali","MLI","Prix à la pompe de l’essence diesel ($ US par litre)","EP.PMP.DESL.CD","","","","","","","","","","","","","","","","","","","","","","","","","","","","","","","","0.74","0.74","","","0.57","","","0.48","","0.43","","0.55","","0.9","","1.04","","1.1","","1.25","","1.25","","1.29","","0.98","",
"Malte","MLT","Prix à la pompe de l’essence diesel ($ US par litre)","EP.PMP.DESL.CD","","","","","","","","","","","","","","","","","","","","","","","","","","","","","","","","","","","","","","","0.49","","0.44","","0.53","","0.97","","1.26","","1.56","","1.66","","1.75","","1.7","","1.22","",
"Myanmar","MMR","Prix à la pompe de l’essence diesel ($ US par litre)","EP.PMP.DESL.CD","","","","","","","","","","","","","","","","","","","","","","","","","","","","","","","","","","","","","","","0.12","","0.12","","0.28","","0.1","","0.75","","0.52","","0.8","","","","0.93","","0.51","",
"Afrique du Nord et Moyen-Orient (hors revenu élevé)","MNA","Prix à la pompe de l’essence diesel ($ US par litre)","EP.PMP.DESL.CD","","","","","","","","","","","","","","","","","","","","","","","","","","","","","","","","","","","","","","","0.16","","0.15","","0.17","","0.15","","0.28","","0.53","","0.56","","0.58","","0.7","","0.63","",
"Monténégro","MNE","Prix à la pompe de l’essence diesel ($ US par litre)","EP.PMP.DESL.CD","","","","","","","","","","","","","","","","","","","","","","","","","","","","","","","","","","","","0.84","","","0.43","","0.56","","0.66","","1.06","","1.27","","1.21","","1.49","","1.75","","1.49","","1.02","",
"Mongolie","MNG","Prix à la pompe de l’essence diesel ($ US par litre)","EP.PMP.DESL.CD","","","","","","","","","","","","","","","","","","","","","","","","","","","","","","","","","","","","","","","0.22","","0.38","","0.37","","0.67","","0.87","","1.42","","1.04","","1.22","","0.96","","0.67","",
"Mariannes","MNP","Prix à la pompe de l’essence diesel ($ US par litre)","EP.PMP.DESL.CD","","","","","","","","","","","","","","","","","","","","","","","","","","","","","","","","","","","","","","","","","","","","","","","","","","","","","","","","","","",
"Mozambique","MOZ","Prix à la pompe de l’essence diesel ($ US par litre)","EP.PMP.DESL.CD","","","","","","","","","","","","","","","","","","","","","","","","","","","","","","","","0.26","0.21","","","0.32","","","0.41","","0.54","","0.43","","0.79","","1.06","","1.37","","0.86","","1.23","","1.2","","0.6","",
"Mauritanie","MRT","Prix à la pompe de l’essence diesel ($ US par litre)","EP.PMP.DESL.CD","","","","","","","","","","","","","","","","","","","","","","","","","","","","","","","","0.53","0.43","","","","","","0.31","","0.4","","0.39","","0.59","","0.84","","1.06","","0.99","","1.27","","1.35","","1.09","",
"Maurice","MUS","Prix à la pompe de l’essence diesel ($ US par litre)","EP.PMP.DESL.CD","","","","","","","","","","","","","","","","","","","","","","","","","","","","","","","","","","","","","","","","","","","","","","","","","","","1.23","","1.38","","1.38","","0.85","",
"Malawi","MWI","Prix à la pompe de l’essence diesel ($ US par litre)","EP.PMP.DESL.CD","","","","","","","","","","","","","","","","","","","","","","","","","","","","","","","","0.56","0.67","","","0.55","","","0.45","","0.68","","0.62","","0.88","","1.12","","1.67","","1.54","","1.9","","1.8","","1.14","",
"Malaisie","MYS","Prix à la pompe de l’essence diesel ($ US par litre)","EP.PMP.DESL.CD","","","","","","","","","","","","","","","","","","","","","","","","","","","","","","","","0.22","","","","0.26","","","0.17","","0.16","","0.19","","0.22","","0.4","","0.53","","0.56","","0.59","","0.65","","0.44","",
"Amérique du Nord","NAC","Prix à la pompe de l’essence diesel ($ US par litre)","EP.PMP.DESL.CD","","","","","","","","","","","","","","","","","","","","","","","","","","","","","","","","","0.335","","","0.345","","","0.33","","0.475","","0.41","","0.625","","0.735","","0.84","","0.96","","1.14","","1.065","","0.69","",
"Namibie","NAM","Prix à la pompe de l’essence diesel ($ US par litre)","EP.PMP.DESL.CD","","","","","","","","","","","","","","","","","","","","","","","","","","","","","","","","0.41","0.38","","","","","","0.36","","0.44","","0.43","","0.65","","0.87","","0.88","","1.09","","1.31","","1.12","","0.74","",
"Nouvelle-Calédonie","NCL","Prix à la pompe de l’essence diesel ($ US par litre)","EP.PMP.DESL.CD","","","","","","","","","","","","","","","","","","","","","","","","","","","","","","","","","","","","","","","","","","","","","","","","","","","","","","","","","","",
"Niger","NER","Prix à la pompe de l’essence diesel ($ US par litre)","EP.PMP.DESL.CD","","","","","","","","","","","","","","","","","","","","","","","","","","","","","","","","0.81","0.6","","","0.55","","","0.52","","0.48","","0.55","","0.91","","1.11","","0.97","","1.16","","1.12","","1.03","","0.88","",
"Nigéria","NGA","Prix à la pompe de l’essence diesel ($ US par litre)","EP.PMP.DESL.CD","","","","","","","","","","","","","","","","","","","","","","","","","","","","","","","","0.04","0.01","","","0.03","","","0.1","","0.27","","0.19","","0.45","","0.66","","1.13","","0.77","","1.09","","0.84","","0.64","",
"Nicaragua","NIC","Prix à la pompe de l’essence diesel ($ US par litre)","EP.PMP.DESL.CD","","","","","","","","","","","","","","","","","","","","","","","","","","","","","","","","","0.3","","","0.31","","","0.35","","0.54","","0.41","","0.64","","0.58","","0.82","","0.99","","1.19","","1.04","","0.75","",
"Pays-Bas","NLD","Prix à la pompe de l’essence diesel ($ US par litre)","EP.PMP.DESL.CD","","","","","","","","","","","","","","","","","","","","","","","","","","","","","","","","","","","","0.82","","","0.79","","0.78","","0.81","","1.23","","1.32","","1.45","","1.71","","1.95","","1.8","","1.34","",
"Norvège","NOR","Prix à la pompe de l’essence diesel ($ US par litre)","EP.PMP.DESL.CD","","","","","","","","","","","","","","","","","","","","","","","","","","","","","","","","","","","","1.09","","","1.1","","1.15","","1.18","","1.44","","1.66","","1.63","","2.01","","2.35","","2.11","","1.63","",
"Népal","NPL","Prix à la pompe de l’essence diesel ($ US par litre)","EP.PMP.DESL.CD","","","","","","","","","","","","","","","","","","","","","","","","","","","","","","","","0.31","","","","0.22","","","0.24","","0.37","","0.34","","0.49","","0.73","","0.82","","0.91","","1.09","","1.04","","0.68","",
"Nauru","NRU","Prix à la pompe de l’essence diesel ($ US par litre)","EP.PMP.DESL.CD","","","","","","","","","","","","","","","","","","","","","","","","","","","","","","","","","","","","","","","","","","","","","","","","","","","1.57","","","","","","","",
"Nouvelle-Zélande","NZL","Prix à la pompe de l’essence diesel ($ US par litre)","EP.PMP.DESL.CD","","","","","","","","","","","","","","","","","","","","","","","","","","","","","","","","","","","","0.32","","","0.39","","0.34","","0.33","","0.41","","0.7","","0.85","","0.97","","1.24","","1.11","","0.79","",
"Pays membres de l'OCDE","OED","Prix à la pompe de l’essence diesel ($ US par litre)","EP.PMP.DESL.CD","","","","","","","","","","","","","","","","","","","","","","","","","","","","","","","","","","","","0.665","","","0.64","","0.68","","0.71","","1.1","","1.29","","1.4","","1.61","","1.87","","1.63","","1.2","",
"Oman","OMN","Prix à la pompe de l’essence diesel ($ US par litre)","EP.PMP.DESL.CD","","","","","","","","","","","","","","","","","","","","","","","","","","","","","","","","","","","","","","","0.26","","0.29","","0.26","","0.26","","0.39","","0.38","","0.38","","0.38","","0.38","","0.49","",
"Autres petits états","OSS","Prix à la pompe de l’essence diesel ($ US par litre)","EP.PMP.DESL.CD","","","","","","","","","","","","","","","","","","","","","","","","","","","","","","","","","","","","","","","0.36","","0.44","","","","0.69","","0.88","","1.02","","1.08","","1.31","","1.25","","0.81","",
"Pakistan","PAK","Prix à la pompe de l’essence diesel ($ US par litre)","EP.PMP.DESL.CD","","","","","","","","","","","","","","","","","","","","","","","","","","","","","","","","","","","","0.2","","","0.19","","0.27","","0.35","","0.41","","0.64","","0.77","","0.92","","1.2","","1.01","","0.7","",
"Panama","PAN","Prix à la pompe de l’essence diesel ($ US par litre)","EP.PMP.DESL.CD","","","","","","","","","","","","","","","","","","","","","","","","","","","","","","","","","0.3","","","","","","0.28","","0.41","","0.36","","0.48","","0.6","","0.68","","0.77","","1.02","","0.85","","0.61","",
"Pérou","PER","Prix à la pompe de l’essence diesel ($ US par litre)","EP.PMP.DESL.CD","","","","","","","","","","","","","","","","","","","","","","","","","","","","","","","","","0.32","","","0.43","","","0.33","","0.54","","0.48","","0.76","","0.86","","0.99","","1.1","","1.41","","1.17","","0.88","",
"Philippines","PHL","Prix à la pompe de l’essence diesel ($ US par litre)","EP.PMP.DESL.CD","","","","","","","","","","","","","","","","","","","","","","","","","","","","","","","","0.25","","","","0.27","","","0.22","","0.28","","0.27","","0.34","","0.67","","0.81","","0.84","","1.01","","0.82","","0.58","",
"Palaos","PLW","Prix à la pompe de l’essence diesel ($ US par litre)","EP.PMP.DESL.CD","","","","","","","","","","","","","","","","","","","","","","","","","","","","","","","","","","","","","","","","","","","","","","","","","","","","","","","","","","",
"Papouasie-Nouvelle-Guinée","PNG","Prix à la pompe de l’essence diesel ($ US par litre)","EP.PMP.DESL.CD","","","","","","","","","","","","","","","","","","","","","","","","","","","","","","","","","","","","","","","0.28","","0.34","","","","0.64","","","","0.9","","","","","","1.13","","","",
"Pologne","POL","Prix à la pompe de l’essence diesel ($ US par litre)","EP.PMP.DESL.CD","","","","","","","","","","","","","","","","","","","","","","","","","","","","","","","","","","","","0.42","","","0.44","","0.65","","0.68","","1.09","","1.3","","1.4","","1.5","","1.73","","1.39","","1.04","",
"de Pré-dividende démographique","PRE","Prix à la pompe de l’essence diesel ($ US par litre)","EP.PMP.DESL.CD","","","","","","","","","","","","","","","","","","","","","","","","","","","","","","","","0.57","0.58","","","0.525","","","0.48","","0.47","","0.545","","0.82","","1","","1.14","","1.135","","1.26","","1.2","","0.88","",
"Porto Rico","PRI","Prix à la pompe de l’essence diesel ($ US par litre)","EP.PMP.DESL.CD","","","","","","","","","","","","","","","","","","","","","","","","","","","","","","","","","","","","","","","","","","","","","","","","","","","","","","","","","","",
"Corée, République démocratique de","PRK","Prix à la pompe de l’essence diesel ($ US par litre)","EP.PMP.DESL.CD","","","","","","","","","","","","","","","","","","","","","","","","","","","","","","","","","","","","","","","0.41","","0.35","","0.41","","0.61","","0.79","","0.95","","","","1.31","","","","0.73","",
"Portugal","PRT","Prix à la pompe de l’essence diesel ($ US par litre)","EP.PMP.DESL.CD","","","","","","","","","","","","","","","","","","","","","","","","","","","","","","","","","","","","","","","0.71","","0.54","","0.71","","1.08","","1.1","","1.47","","1.58","","1.89","","1.64","","1.3","",
"Paraguay","PRY","Prix à la pompe de l’essence diesel ($ US par litre)","EP.PMP.DESL.CD","","","","","","","","","","","","","","","","","","","","","","","","","","","","","","","","","0.27","","","0.28","","","0.24","","0.34","","0.34","","0.51","","0.77","","0.96","","1.01","","1.31","","1.16","","0.74","",
"Cisjordanie et Gaza","PSE","Prix à la pompe de l’essence diesel ($ US par litre)","EP.PMP.DESL.CD","","","","","","","","","","","","","","","","","","","","","","","","","","","","","","","","","","","","","","","0.31","","0.61","","0.52","","0.7","","0.98","","1.25","","1.54","","1.68","","1.63","","1.41","",
"Petits états insulaires du Pacifique","PSS","Prix à la pompe de l’essence diesel ($ US par litre)","EP.PMP.DESL.CD","","","","","","","","","","","","","","","","","","","","","","","","","","","","","","","","","","","","","","","","","","","","","","","","","","","","","","","","","","",
"de Post-dividende démographique","PST","Prix à la pompe de l’essence diesel ($ US par litre)","EP.PMP.DESL.CD","","","","","","","","","","","","","","","","","","","","","","","","","","","","","","","","","","","","0.72","","","0.63","","0.675","","0.71","","1.07","","1.21","","1.375","","1.55","","1.75","","1.57","","1.185","",
"Polynésie française","PYF","Prix à la pompe de l’essence diesel ($ US par litre)","EP.PMP.DESL.CD","","","","","","","","","","","","","","","","","","","","","","","","","","","","","","","","","","","","","","","","","","","","","","","1.19","","1.39","","1.56","","","","","","","",
"Qatar","QAT","Prix à la pompe de l’essence diesel ($ US par litre)","EP.PMP.DESL.CD","","","","","","","","","","","","","","","","","","","","","","","","","","","","","","","","","","","","","","","0.15","","","","","","0.16","","0.19","","","","0.19","","0.27","","0.41","","0.38","",
"Roumanie","ROU","Prix à la pompe de l’essence diesel ($ US par litre)","EP.PMP.DESL.CD","","","","","","","","","","","","","","","","","","","","","","","","","","","","","","","","","","","","0.19","","","0.4","","0.35","","0.57","","0.91","","1.24","","1.22","","1.46","","1.73","","1.71","","1.14","",
"Fédération de Russie","RUS","Prix à la pompe de l’essence diesel ($ US par litre)","EP.PMP.DESL.CD","","","","","","","","","","","","","","","","","","","","","","","","","","","","","","","","","","","","0.28","","","0.18","","0.29","","0.25","","0.45","","0.66","","0.86","","0.72","","1","","0.75","","0.55","",
"Rwanda","RWA","Prix à la pompe de l’essence diesel ($ US par litre)","EP.PMP.DESL.CD","","","","","","","","","","","","","","","","","","","","","","","","","","","","","","","","0.79","0.88","","","","","","0.72","","0.84","","0.84","","0.99","","1.08","","1.37","","1.62","","1.73","","1.41","","1.13","",
"Asie du Sud","SAS","Prix à la pompe de l’essence diesel ($ US par litre)","EP.PMP.DESL.CD","","","","","","","","","","","","","","","","","","","","","","","","","","","","","","","","","","","","0.22","","","0.25","","0.33","","0.325","","0.49","","0.645","","0.76","","0.825","","1.01","","0.945","","0.7","",
"Arabie saoudite","SAU","Prix à la pompe de l’essence diesel ($ US par litre)","EP.PMP.DESL.CD","","","","","","","","","","","","","","","","","","","","","","","","","","","","","","","","","","","","0.09","","","0.1","","0.1","","0.1","","0.1","","0.07","","0.09","","0.067","","0.067","","0.07","","0.12","",
"Soudan","SDN","Prix à la pompe de l’essence diesel ($ US par litre)","EP.PMP.DESL.CD","","","","","","","","","","","","","","","","","","","","","","","","","","","","","","","","0.06","0.58","","","0.25","","","0.26","","0.24","","0.24","","0.29","","0.49","","0.45","","0.43","","0.42","","0.55","","0.61","",
"Sénégal","SEN","Prix à la pompe de l’essence diesel ($ US par litre)","EP.PMP.DESL.CD","","","","","","","","","","","","","","","","","","","","","","","","","","","","","","","","0.74","0.88","","","0.62","","","0.48","","0.52","","0.53","","0.9","","1.09","","1.26","","1.34","","1.53","","1.51","","0.97","",
"Singapour","SGP","Prix à la pompe de l’essence diesel ($ US par litre)","EP.PMP.DESL.CD","","","","","","","","","","","","","","","","","","","","","","","","","","","","","","","","0.28","","","","0.33","","","0.36","","0.38","","0.38","","0.55","","0.63","","0.9","","1.04","","1.26","","1.16","","0.77","",
"Îles Salomon","SLB","Prix à la pompe de l’essence diesel ($ US par litre)","EP.PMP.DESL.CD","","","","","","","","","","","","","","","","","","","","","","","","","","","","","","","","","","","","","","","","","","","","","","","","","","","","","","","","","","",
"Sierra Leone","SLE","Prix à la pompe de l’essence diesel ($ US par litre)","EP.PMP.DESL.CD","","","","","","","","","","","","","","","","","","","","","","","","","","","","","","","","0.43","0.44","","","","","","0.53","","","","0.5","","0.89","","0.98","","0.91","","0.94","","1.05","","1.04","","1.08","",
"El Salvador","SLV","Prix à la pompe de l’essence diesel ($ US par litre)","EP.PMP.DESL.CD","","","","","","","","","","","","","","","","","","","","","","","","","","","","","","","","","","","","","","","0.3","","0.4","","0.33","","0.58","","0.8","","0.81","","0.89","","1.17","","1.02","","0.7","",
"Saint-Marin","SMR","Prix à la pompe de l’essence diesel ($ US par litre)","EP.PMP.DESL.CD","","","","","","","","","","","","","","","","","","","","","","","","","","","","","","","","","","","","","","","","","","","","","","","","","","","","","","","","","","",
"Somalie","SOM","Prix à la pompe de l’essence diesel ($ US par litre)","EP.PMP.DESL.CD","","","","","","","","","","","","","","","","","","","","","","","","","","","","","","","","","","","","","","","","","","","0.29","","0.89","","0.67","","1.15","","","","","","","","1.18","",
"Serbie","SRB","Prix à la pompe de l’essence diesel ($ US par litre)","EP.PMP.DESL.CD","","","","","","","","","","","","","","","","","","","","","","","","","","","","","","","","","","","","0.84","","","0.43","","0.56","","0.66","","0.85","","1.35","","1.14","","1.48","","1.8","","1.66","","1.21","",
"Afrique subsaharienne (hors revenu élevé)","SSA","Prix à la pompe de l’essence diesel ($ US par litre)","EP.PMP.DESL.CD","","","","","","","","","","","","","","","","","","","","","","","","","","","","","","","","0.55","0.54","","","0.46","","","0.43","","0.465","","0.53","","0.79","","0.985","","1.065","","1.145","","1.27","","1.17","","0.855","",
"Soudan du Sud","SSD","Prix à la pompe de l’essence diesel ($ US par litre)","EP.PMP.DESL.CD","","","","","","","","","","","","","","","","","","","","","","","","","","","","","","","","","","","","","","","","","","","","","","","1.22","","1.25","","1.07","","1.97","","1.98","","0.28","",
"Afrique subsaharienne","SSF","Prix à la pompe de l’essence diesel ($ US par litre)","EP.PMP.DESL.CD","","","","","","","","","","","","","","","","","","","","","","","","","","","","","","","","0.55","0.54","","","0.46","","","0.43","","0.465","","0.53","","0.79","","0.985","","1.065","","1.145","","1.27","","1.17","","0.855","",
"Petits états","SST","Prix à la pompe de l’essence diesel ($ US par litre)","EP.PMP.DESL.CD","","","","","","","","","","","","","","","","","","","","","","","","","","","","","","","","","","","","","","","","","","","","","0.68","","","","","","1.07","","1.29","","","","0.815","",
"Sao Tomé-et-Principe","STP","Prix à la pompe de l’essence diesel ($ US par litre)","EP.PMP.DESL.CD","","","","","","","","","","","","","","","","","","","","","","","","","","","","","","","","","","","","","","","","","","","","","","","","","","","","","","","","","","",
"Suriname","SUR","Prix à la pompe de l’essence diesel ($ US par litre)","EP.PMP.DESL.CD","","","","","","","","","","","","","","","","","","","","","","","","","","","","","","","","","","","","","","","0.41","","0.41","","0.41","","0.5","","0.94","","","","1.12","","1.52","","1.34","","","",
"République slovaque","SVK","Prix à la pompe de l’essence diesel ($ US par litre)","EP.PMP.DESL.CD","","","","","","","","","","","","","","","","","","","","","","","","","","","","","","","","","","","","0.4","","","0.54","","0.68","","0.7","","1.19","","1.43","","1.68","","1.53","","1.85","","1.61","","1.16","",
"Slovénie","SVN","Prix à la pompe de l’essence diesel ($ US par litre)","EP.PMP.DESL.CD","","","","","","","","","","","","","","","","","","","","","","","","","","","","","","","","","","","","0.5","","","0.64","","0.66","","0.67","","1.11","","1.21","","1.26","","1.62","","1.77","","1.68","","1.21","",
"Suède","SWE","Prix à la pompe de l’essence diesel ($ US par litre)","EP.PMP.DESL.CD","","","","","","","","","","","","","","","","","","","","","","","","","","","","","","","","","","","","1.01","","","0.84","","0.8","","0.96","","1.37","","1.44","","1.52","","1.82","","2.16","","1.82","","1.42","",
"Eswatini","SWZ","Prix à la pompe de l’essence diesel ($ US par litre)","EP.PMP.DESL.CD","","","","","","","","","","","","","","","","","","","","","","","","","","","","","","","","0.41","0.4","","","","","","0.36","","0.44","","","","0.73","","0.85","","0.93","","1.1","","1.34","","1.16","","0.77","",
"Sint Maarten (Dutch part)","SXM","Prix à la pompe de l’essence diesel ($ US par litre)","EP.PMP.DESL.CD","","","","","","","","","","","","","","","","","","","","","","","","","","","","","","","","","","","","","","","","","","","","","","","","","","","","","","","","","","",
"Seychelles","SYC","Prix à la pompe de l’essence diesel ($ US par litre)","EP.PMP.DESL.CD","","","","","","","","","","","","","","","","","","","","","","","","","","","","","","","","","","","","","","","","","","","","","","","","","","","","","","","","","","",
"République arabe syrienne","SYR","Prix à la pompe de l’essence diesel ($ US par litre)","EP.PMP.DESL.CD","","","","","","","","","","","","","","","","","","","","","","","","","","","","","","","","","","","","","","","0.14","","0.13","","0.18","","0.13","","0.13","","0.53","","0.45","","0.36","","0.47","","","",
"Îles Turques-et-Caïques","TCA","Prix à la pompe de l’essence diesel ($ US par litre)","EP.PMP.DESL.CD","","","","","","","","","","","","","","","","","","","","","","","","","","","","","","","","","","","","","","","","","","","","","","","","","","","","","","","","","","",
"Tchad","TCD","Prix à la pompe de l’essence diesel ($ US par litre)","EP.PMP.DESL.CD","","","","","","","","","","","","","","","","","","","","","","","","","","","","","","","","0.97","0.95","","","0.7","","","0.61","","0.6","","0.77","","1.01","","1.2","","1.32","","1.31","","1.16","","0.99","","0.85","",
"Asie de l’Est et Pacifique (BIRD et IDA)","TEA","Prix à la pompe de l’essence diesel ($ US par litre)","EP.PMP.DESL.CD","","","","","","","","","","","","","","","","","","","","","","","","","","","","","","","","","","","","","","","0.245","","","","","","0.43","","0.7","","0.81","","0.95","","","","1.02","","0.675","",
"Europe et Asie centrale (BIRD et IDA)","TEC","Prix à la pompe de l’essence diesel ($ US par litre)","EP.PMP.DESL.CD","","","","","","","","","","","","","","","","","","","","","","","","","","","","","","","","","","","","","","","0.335","","0.36","","0.46","","0.76","","0.985","","1.12","","1.13","","1.55","","1.27","","0.88","",
"Togo","TGO","Prix à la pompe de l’essence diesel ($ US par litre)","EP.PMP.DESL.CD","","","","","","","","","","","","","","","","","","","","","","","","","","","","","","","","0.66","0.63","","","0.4","","","0.37","","0.4","","0.46","","0.83","","1.01","","0.88","","1.17","","1.22","","1.29","","0.71","",
"Thaïlande","THA","Prix à la pompe de l’essence diesel ($ US par litre)","EP.PMP.DESL.CD","","","","","","","","","","","","","","","","","","","","","","","","","","","","","","","","0.26","","","","0.3","","","0.27","","0.35","","0.32","","0.37","","0.65","","0.64","","0.95","","0.97","","0.9","","0.68","",
"Tadjikistan","TJK","Prix à la pompe de l’essence diesel ($ US par litre)","EP.PMP.DESL.CD","","","","","","","","","","","","","","","","","","","","","","","","","","","","","","","","","","","","","","","0.13","","0.55","","0.24","","0.59","","0.74","","1","","0.91","","","","1.18","","0.69","",
"Turkménistan","TKM","Prix à la pompe de l’essence diesel ($ US par litre)","EP.PMP.DESL.CD","","","","","","","","","","","","","","","","","","","","","","","","","","","","","","","","","","","","","","","0.05","","0.02","","0.01","","0.01","","0.01","","0.2","","0.2","","0.2","","0.2","","0.27","",
"Amérique latine et Caraïbes (BIRD et IDA)","TLA","Prix à la pompe de l’essence diesel ($ US par litre)","EP.PMP.DESL.CD","","","","","","","","","","","","","","","","","","","","","","","","","","","","","","","","","","","","0.28","","","0.3","","0.41","","0.35","","0.575","","0.74","","0.82","","0.975","","1.175","","1.04","","0.745","",
"Timor-Leste","TLS","Prix à la pompe de l’essence diesel ($ US par litre)","EP.PMP.DESL.CD","","","","","","","","","","","","","","","","","","","","","","","","","","","","","","","","","","","","","","","","","","","","","0.65","","0.88","","1.35","","0.9","","1.43","","1.6","","0.8","",
"Afrique du Nord et Moyen-Orient (BIRD et IDA)","TMN","Prix à la pompe de l’essence diesel ($ US par litre)","EP.PMP.DESL.CD","","","","","","","","","","","","","","","","","","","","","","","","","","","","","","","","","","","","","","","0.155","","0.15","","0.135","","0.14","","0.235","","0.365","","0.505","","0.47","","0.69","","0.62","",
"Tonga","TON","Prix à la pompe de l’essence diesel ($ US par litre)","EP.PMP.DESL.CD","","","","","","","","","","","","","","","","","","","","","","","","","","","","","","","","","","","","","","","","","","","","","","","","","","","","","","","","","","",
"Asie du Sud (BIRD et IDA)","TSA","Prix à la pompe de l’essence diesel ($ US par litre)","EP.PMP.DESL.CD","","","","","","","","","","","","","","","","","","","","","","","","","","","","","","","","","","","","0.22","","","0.25","","0.33","","0.325","","0.49","","0.645","","0.76","","0.825","","1.01","","0.945","","0.7","",
"Afrique subsaharienne (BIRD et IDA)","TSS","Prix à la pompe de l’essence diesel ($ US par litre)","EP.PMP.DESL.CD","","","","","","","","","","","","","","","","","","","","","","","","","","","","","","","","0.55","0.54","","","0.46","","","0.43","","0.465","","0.53","","0.79","","0.985","","1.065","","1.145","","1.27","","1.17","","0.855","",
"Trinité-et-Tobago","TTO","Prix à la pompe de l’essence diesel ($ US par litre)","EP.PMP.DESL.CD","","","","","","","","","","","","","","","","","","","","","","","","","","","","","","","","","","","","","","","0.2","","0.2","","0.21","","0.24","","0.24","","","","","","","","","","0.3","",
"Tunisie","TUN","Prix à la pompe de l’essence diesel ($ US par litre)","EP.PMP.DESL.CD","","","","","","","","","","","","","","","","","","","","","","","","","","","","","","","","0.33","0.31","","","0.44","","","0.33","","0.29","","0.19","","0.39","","0.57","","0.84","","0.82","","0.69","","0.68","","0.62","",
"Turquie","TUR","Prix à la pompe de l’essence diesel ($ US par litre)","EP.PMP.DESL.CD","","","","","","","","","","","","","","","","","","","","","","","","","","","","","","","","","","","","0.37","","","0.47","","0.66","","0.78","","1.12","","1.62","","1.63","","2.03","","2.33","","1.9","","1.23","",
"Tuvalu","TUV","Prix à la pompe de l’essence diesel ($ US par litre)","EP.PMP.DESL.CD","","","","","","","","","","","","","","","","","","","","","","","","","","","","","","","","","","","","","","","","","","","","","","","","","","","","","","","","","","",
"Tanzanie","TZA","Prix à la pompe de l’essence diesel ($ US par litre)","EP.PMP.DESL.CD","","","","","","","","","","","","","","","","","","","","","","","","","","","","","","","","0.25","0.3","","","0.44","","","0.57","","0.73","","0.61","","0.87","","0.99","","1.3","","1.19","","1.27","","1.2","","0.8","",
"Ouganda","UGA","Prix à la pompe de l’essence diesel ($ US par litre)","EP.PMP.DESL.CD","","","","","","","","","","","","","","","","","","","","","","","","","","","","","","","","0.55","0.71","","","0.85","","","0.68","","0.75","","0.7","","0.88","","1.01","","1.22","","1.11","","1.35","","1.11","","0.79","",
"Ukraine","UKR","Prix à la pompe de l’essence diesel ($ US par litre)","EP.PMP.DESL.CD","","","","","","","","","","","","","","","","","","","","","","","","","","","","","","","","","","","","","","","0.25","","0.3","","0.34","","0.44","","0.87","","0.96","","0.92","","1.25","","1.16","","0.73","",
"Revenu intermédiaire, tranche supérieure","UMC","Prix à la pompe de l’essence diesel ($ US par litre)","EP.PMP.DESL.CD","","","","","","","","","","","","","","","","","","","","","","","","","","","","","","","","","","","","","","","0.27","","0.36","","0.36","","0.56","","0.745","","0.92","","0.98","","1.18","","1.09","","0.74","",
"Uruguay","URY","Prix à la pompe de l’essence diesel ($ US par litre)","EP.PMP.DESL.CD","","","","","","","","","","","","","","","","","","","","","","","","","","","","","","","","","","","","0.38","","","0.42","","0.53","","0.2","","0.71","","0.94","","1.17","","1.44","","1.88","","1.72","","1.36","",
"États-Unis","USA","Prix à la pompe de l’essence diesel ($ US par litre)","EP.PMP.DESL.CD","","","","","","","","","","","","","","","","","","","","","","","","","","","","","","","","","0.28","","","0.33","","","0.27","","0.48","","0.39","","0.57","","0.69","","0.78","","0.84","","1.05","","0.97","","0.65","",
"Ouzbékistan","UZB","Prix à la pompe de l’essence diesel ($ US par litre)","EP.PMP.DESL.CD","","","","","","","","","","","","","","","","","","","","","","","","","","","","","","","","","","","","0.31","","","0.09","","0.09","","0.26","","0.3","","0.54","","0.75","","0.83","","0.87","","1.93","","1.28","",
"Saint-Vincent-et-les Grenadines","VCT","Prix à la pompe de l’essence diesel ($ US par litre)","EP.PMP.DESL.CD","","","","","","","","","","","","","","","","","","","","","","","","","","","","","","","","","","","","","","","","","","","","","","","","","","","","","","","","","","",
"Venezuela","VEN","Prix à la pompe de l’essence diesel ($ US par litre)","EP.PMP.DESL.CD","","","","","","","","","","","","","","","","","","","","","","","","","","","","","","","","","","","","0.01","","","0.08","","0.06","","0.05","","0.02","","0.02","","0.01","","0.011","","0.011","","0.008","","","",
"Îles Vierges britanniques","VGB","Prix à la pompe de l’essence diesel ($ US par litre)","EP.PMP.DESL.CD","","","","","","","","","","","","","","","","","","","","","","","","","","","","","","","","","","","","","","","","","","","","","","","","","","","","","","","","","","",
"Îles Vierges (EU)","VIR","Prix à la pompe de l’essence diesel ($ US par litre)","EP.PMP.DESL.CD","","","","","","","","","","","","","","","","","","","","","","","","","","","","","","","","","","","","","","","","","","","","","","","","","","","","","","","","","","",
"Viet Nam","VNM","Prix à la pompe de l’essence diesel ($ US par litre)","EP.PMP.DESL.CD","","","","","","","","","","","","","","","","","","","","","","","","","","","","","","","","","","","","0.25","","","0.26","","0.27","","0.27","","0.32","","0.53","","0.77","","0.77","","1.06","","0.91","","0.59","",
"Vanuatu","VUT","Prix à la pompe de l’essence diesel ($ US par litre)","EP.PMP.DESL.CD","","","","","","","","","","","","","","","","","","","","","","","","","","","","","","","","","","","","","","","","","","","","","","","","","","","","","","","","","1.2","",
"Monde","WLD","Prix à la pompe de l’essence diesel ($ US par litre)","EP.PMP.DESL.CD","","","","","","","","","","","","","","","","","","","","","","","","","","","","","","","","","","","","","","","0.36","","0.45","","0.43","","0.67","","0.86","","1.03","","1.07","","1.265","","1.17","","0.82","",
"Samoa","WSM","Prix à la pompe de l’essence diesel ($ US par litre)","EP.PMP.DESL.CD","","","","","","","","","","","","","","","","","","","","","","","","","","","","","","","","","","","","","","","","","","","","","","","","","","","1.06","","","","","","0.87","",
"Kosovo","XKX","Prix à la pompe de l’essence diesel ($ US par litre)","EP.PMP.DESL.CD","","","","","","","","","","","","","","","","","","","","","","","","","","","","","","","","","","","","0.84","","","0.43","","0.56","","0.66","","1.03","","1.19","","1.21","","1.6","","1.6","","1.55","","1.06","",
"Yémen, Rép. du","YEM","Prix à la pompe de l’essence diesel ($ US par litre)","EP.PMP.DESL.CD","","","","","","","","","","","","","","","","","","","","","","","","","","","","","","","","","","","","","","","0.07","","0.06","","0.1","","0.09","","0.28","","0.17","","0.23","","0.47","","0.7","","0.76","",
"Afrique du Sud","ZAF","Prix à la pompe de l’essence diesel ($ US par litre)","EP.PMP.DESL.CD","","","","","","","","","","","","","","","","","","","","","","","","","","","","","","","","","0.52","","","0.46","","","0.39","","0.5","","0.4","","0.8","","0.84","","0.95","","1.14","","1.42","","1.17","","0.9","",
"Zambie","ZMB","Prix à la pompe de l’essence diesel ($ US par litre)","EP.PMP.DESL.CD","","","","","","","","","","","","","","","","","","","","","","","","","","","","","","","","0.24","0.66","","","0.57","","","0.49","","","","0.6","","0.98","","1.22","","1.61","","1.52","","1.48","","1.59","","1.16","",
"Zimbabwe","ZWE","Prix à la pompe de l’essence diesel ($ US par litre)","EP.PMP.DESL.CD","","","","","","","","","","","","","","","","","","","","","","","","","","","","","","","","0.37","0.28","","","0.29","","","0.22","","0.72","","0.05","","0.65","","","","1.05","","1.15","","1.4","","1.48","","1.18","",
